sha256	bytes	lines	path
2cb38ef5a495d80928f94f66474985be726f9f86286000fede3c71a19b614d1c	199	7	custom/mjlfinancement/activities.php
bccf637db47cff98c6ec3455f3a70273c2db26b097eb1d91f187b09e0ef7af72	6697	158	custom/mjlfinancement/admin/access.php
ff83071fcde33b92f0f03deb15addd8fb59c0151c17bc60f9b21ed19f8b49abc	366	7	custom/mjlfinancement/alerts.php
49485b345d9290fd05e8e70033e7a623f188a94eedf389d2f9a7246caa8e1e9c	5008	100	custom/mjlfinancement/auth.php
87993bbdf097f10e0c8c5336ae9ab5226d43b3301dbc93d8197e3b481601ba04	5983	171	custom/mjlfinancement/class/actions_mjlfinancement.class.php
b84f117213565d852065d012a5933478e2086626ee1e70446793fa0eeeda92d1	4578	81	custom/mjlfinancement/class/mjlactivity.class.php
6260f6179e0ae29d93feadb1e6e97ceb6f946766e61b70ede7c4c526e9f141da	12033	256	custom/mjlfinancement/class/mjlactivityassignment.class.php
13994cef3b143fc8a54d100bdd431ff105cbe304302e5eefdb205873c9cfd749	78378	656	custom/mjlfinancement/class/mjlactivitycommand.class.php
a5cde0df8c285df57f299aaafe42f6f2a789f99de4bf30758ec1b64484730ba6	324	13	custom/mjlfinancement/class/mjlcancellationrequest.class.php
5d58814e83688b5560507ca631ba85d8872310bf61df1faa931535c0c27e515e	1410	31	custom/mjlfinancement/class/mjlexecutionreconciler.class.php
b0e2cf1a5b30d72d5eede2063c28417fccc532e33f7ad1d7f65f592f0498c9a4	10919	151	custom/mjlfinancement/class/mjlexport.class.php
170e7a6fab8336ecdfc43d48337c27f8f55f9bbc25a02846c054d3612eb0ab94	4435	94	custom/mjlfinancement/class/mjlexportspool.class.php
54c29287dec912d856e72cb16d7da59744834ca376803f3d324d903e81076a22	13095	166	custom/mjlfinancement/class/mjlmonitoring.class.php
ddbc14c045e9b596e40f9746620364f889adb0de0aabed22c6bbd65ad5f1ebd9	1417	45	custom/mjlfinancement/class/mjloperationtype.class.php
b2ba8ee9c07aea99e82da662152ce66f4df14fdfb2d95e388ec6d6a2cbf42302	242	11	custom/mjlfinancement/class/mjlreopeningrequest.class.php
0d2eb08258956a7e96217abdc28001a5c9bce56c81c1bc4f6bb778f20a18fe6c	17214	293	custom/mjlfinancement/core/modules/modMjlFinancement.class.php
4b513cde5c1871afd159c8308c83f40324050b18e8252bc06b323b8e2baa7b0d	3345	49	custom/mjlfinancement/core/tpl/login.tpl.php
d3541e0829ee2bc00820028f60b816fea9cf5e8a555e65d2f2f7deb11da002cf	1378	15	custom/mjlfinancement/core/tpl/passwordforgotten.tpl.php
eebf36ee26ef655b3eb14959c8388751895e9b15dabb4e69cd204758f6a2fd6a	1376	23	custom/mjlfinancement/core/tpl/passwordreset.tpl.php
0b27480375c06aa72c35283cc9ae966f6c6fb249bbb71061b627e824ad38acdd	71307	2417	custom/mjlfinancement/css/mjl_app.css.php
584dfbaff1cdfb4aca00431db24407c446b09d2202591349beb265ab50a4a7fb	6227	3	custom/mjlfinancement/css/mjl_auth.css.php
c6024914887101ef3068d4c13fd8216932328a294417102fee70cb861e0ac62e	1271	28	custom/mjlfinancement/deployment/apache-native-guard.conf
3e0fefd68c66e2d0bff192ed2459f44657ffdf61f79c33ac3f29ef2630bef8ca	244	8	custom/mjlfinancement/documentdownload.php
3e0fefd68c66e2d0bff192ed2459f44657ffdf61f79c33ac3f29ef2630bef8ca	244	8	custom/mjlfinancement/documents.php
964cc2938cb0f5a4a8c7b832ac894058e6b4d19dc8f84006878381a1fac62159	136	4	custom/mjlfinancement/dpafdashboard.php
e0a2fee29b967886b56329c7734bdbbadaa2f08f35b6c614ebb0bb440e4b37f1	1645	31	custom/mjlfinancement/index.php
f87c206fe7320f0e9c073226dffd7d4d3a6ffb05276cee72e66ad014f7f61a22	1863	41	custom/mjlfinancement/invitation.php
f015a398811d67c9e899d13f1d2443dca034d4a86628fffda1e16fb11b959aec	5454	115	custom/mjlfinancement/js/activities.js
d1e842237c8d2df0ecf8822cba98b2a4453615d5be4477cc12687d7a4c7ca2fc	390	9	custom/mjlfinancement/js/auth_fragment.js
39bcf07b6ddec0bb1d885666b124820391527d75855c70a7c398f2cb9ec17692	2802	67	custom/mjlfinancement/js/mjl_auth.js
7ecb96992fb26863a806b075a6a48dbe97256ed7e05c8904e5237bb6917e6e34	36802	913	custom/mjlfinancement/js/mjl_components.js
a409663d8f5e2f9e39f5d6b0bbcee631eec966b7bfb0697bd9bade0f8c593e26	1499	40	custom/mjlfinancement/js/mjl_financial_preview.js
741459e4a8d0ec8f0d261a8bba0e873f0de384de97e83d96486813652e79764b	6232	130	custom/mjlfinancement/js/mjl_form_controls.js
1b6d95ea4017097a3fc470cdc05a081615290fa15acebd58037bed1fae9d76bc	1538	61	custom/mjlfinancement/js/native_guard.js.php
5dc5cdf3a4663ee56f99b8f65e66c45da86677c9737c6c569a5416635763cd1b	251	7	custom/mjlfinancement/langs/en_US/mjlfinancement.lang
f143e310ca4d0f47d40793338396dd5b5dfcc6cd413b456f175fe8b413d19654	279	7	custom/mjlfinancement/langs/fr_FR/mjlfinancement.lang
230aa084e66cb74dce3e5188fec26097fabc190441bcdc58f475932ac6fdbe89	11179	108	custom/mjlfinancement/lib/mjl_access_ui.lib.php
67c0ff2b2e4e0aaa2b9d25fae5ba487dc2416718fafa4d900b48b66a87a86e13	2908	67	custom/mjlfinancement/lib/mjl_activity_access.lib.php
b241dc0fada9d74d04c9d32c4b039c716a3b5430dcad229af7e33ba559ab63ef	2054	32	custom/mjlfinancement/lib/mjl_activity_form.lib.php
82cbc0e3769b3e062944f80c278ead2e5278e08aee576ac80504e428fb61aedc	59472	549	custom/mjlfinancement/lib/mjl_activity_route.lib.php
52dd06fd8e646066c1f42b446a7acd14b55eddd286569b04e2250cf62d68caf3	1602	35	custom/mjlfinancement/lib/mjl_alert_condition.lib.php
ba26c23c0b34c8916f6bbf73c5d005d8907e1a40387a61df934a51935eb56a31	6393	163	custom/mjlfinancement/lib/mjl_audit.lib.php
8c4349560e362243aec12ae4e612be19fc55ab56f22def2f9ffb1aa9374ae786	19760	174	custom/mjlfinancement/lib/mjl_audit_projection.lib.php
651c751d27a8309704d241f7ad84c40806c30c3755a941c1c83c076889a1efd4	8445	74	custom/mjlfinancement/lib/mjl_audit_report_route.lib.php
e66582c673b6f3bc6a21c7e3e1b4cb5dcc2d5b467ae8a773745b2434e5fa41ed	43580	723	custom/mjlfinancement/lib/mjl_auth.lib.php
a57a217448c0c0563e1825c7c2f0f6d8ba69e732029a49402a66a014ef951353	3584	46	custom/mjlfinancement/lib/mjl_auth_ui.lib.php
3300585ae27a47b5c912d6c41dbd6217f0a60a86749972a73839de713a26e972	1734	65	custom/mjlfinancement/lib/mjl_csv_export.lib.php
e1fbef45f9f1b92b6f1508ed5960ee3e4d4b1d8c72277bc301431c7c08e5a630	6566	89	custom/mjlfinancement/lib/mjl_dashboard_ui.lib.php
dbbe37694d61c3c5bafbecdcaa62e624687b1ee4488303882cff22c4552a5d0f	11049	294	custom/mjlfinancement/lib/mjl_email.lib.php
265655c4d011062f01442e5af7ddebb5f6f178eb2ac6f266f48ddbe73dde4273	1914	13	custom/mjlfinancement/lib/mjl_email_presentation.lib.php
72eaf3ca603031ee2cd2970ded98b978b7248c882510cbac2ae9d9cde20ad0b7	2205	28	custom/mjlfinancement/lib/mjl_exception_ui.lib.php
531173aedd334f0bf7f36adb2ae5a1ad3f5aed0b167c3951b18541e4f275c774	7064	165	custom/mjlfinancement/lib/mjl_execution.lib.php
b049424091645789ec959a044e8801900b8ada2cf9fadb44a028d7e91133fde9	6273	113	custom/mjlfinancement/lib/mjl_feedback.lib.php
def6a5c8207ab0e390884de077664eef869d7c65bb5910e3be622590b0309d50	7862	229	custom/mjlfinancement/lib/mjl_form.lib.php
8939b54655592c56e24fe58d01e61a06004780732ffd53b6c15f3cba775837fc	4334	133	custom/mjlfinancement/lib/mjl_form_submission.lib.php
e9c748f494e31e23a7d65b8950a0db08ca31ec0453485ce50f26fcf926ad1c09	9377	127	custom/mjlfinancement/lib/mjl_monitoring.lib.php
629f631ab496764366cfdbd4f4bbd1d335f16339717b0900050d352a79c678c7	1048	24	custom/mjlfinancement/lib/mjl_monitoring_access.lib.php
606de36a65b3bcaf26ee4c0e8d9124b39c6d135212ecc06686b1fb584fc76ccf	29131	287	custom/mjlfinancement/lib/mjl_monitoring_route.lib.php
d4a08951350f15834eb1b3e28f5c037599a689c93bb949fe849acfaee08536f3	3830	64	custom/mjlfinancement/lib/mjl_monitoring_work.lib.php
f63ec3ea7c98565646d34180a3c17467cd46dbc6ccc556b6f1c6a7b5b46982e7	713	36	custom/mjlfinancement/lib/mjl_native_modules.lib.php
c09c2ed5c9995d987370327543d146183039a7bee130ffaf4260d54ae467f4e0	6588	111	custom/mjlfinancement/lib/mjl_navigation.lib.php
9eb51d31cee7577fa99a242e89547271b6dce73cf20edcecd7ca2a0689ba6145	5368	108	custom/mjlfinancement/lib/mjl_navigation_registry.lib.php
405666a52468285a456b12f855ce9f2b92c4c9d2e785151f62d0f00911d8eb6b	3465	41	custom/mjlfinancement/lib/mjl_operation_consultation.lib.php
1b4b059bf1dec011baf37f22c51ec6da6b4d0a4c91e9e8433c947981b5e5994b	14232	79	custom/mjlfinancement/lib/mjl_operation_request_route.lib.php
6623773f0b441970730d66b7ce656c72743d4f900c310614521dbe62aeb73803	15007	122	custom/mjlfinancement/lib/mjl_operation_route.lib.php
11b539778056fee3578ab49f1b65bb0b956dcd421b491d5d04479f29e7f9625c	4183	99	custom/mjlfinancement/lib/mjl_page_header.lib.php
6214b48d32c62ac981a7b15765cfb579c573895ec2c1635621992f69a2a97af2	6415	145	custom/mjlfinancement/lib/mjl_presentation.lib.php
be2d76bb30692a7eb5ef2539de9f81c9314aaf6729a34e4265faab8ba7080542	2490	69	custom/mjlfinancement/lib/mjl_project_recovery.lib.php
2bed304e1f538a715ceff860b99a21886cf0b5ef7e38935b3a6104e8174c843e	2509	104	custom/mjlfinancement/lib/mjl_recovery_registry.lib.php
6d9f1b73e99426c12572bd2289eb190114e878f25681e23e4ab0e3c8b3684ee7	13529	340	custom/mjlfinancement/lib/mjl_reference.lib.php
d4cad9cae5a2abeb23c4defbf7ac5ec01310de717b2fc1eb2805b42718064d2d	13483	190	custom/mjlfinancement/lib/mjl_reference_route.lib.php
be1cd37f409742ec0eca55ad8b3c1c505aee4a0fd57e46059d1130ba8fc48ca1	5105	73	custom/mjlfinancement/lib/mjl_reference_ui.lib.php
298676f2ec686cfd12e57e056287f4069ce2395e25ca512fbbb55219109205a1	15491	244	custom/mjlfinancement/lib/mjl_report_data.lib.php
8c4ad3224ee3e4f523b3718a0ffbc157859316a96975952e65e9c3883f4826df	3027	58	custom/mjlfinancement/lib/mjl_report_format.lib.php
49713308272964842c08cbc01b6e03907e0ad5ddf7896471810954092e7b9847	9132	170	custom/mjlfinancement/lib/mjl_report_render.lib.php
05b8fb87431bcf49d7d987b29fea435c747d3485228304a4f0876878a7770302	21205	247	custom/mjlfinancement/lib/mjl_report_route.lib.php
7765f29c9a8fbc7a485d16933c0782d7d153046907b3a51e83aacb3cea5edb90	4684	71	custom/mjlfinancement/lib/mjl_report_ui.lib.php
6858af2abdc5598fefb42fb8eab847754870aa610f0fc3681dde55e8d1e91f95	19221	524	custom/mjlfinancement/lib/mjl_scope.lib.php
abe0ce7df607dbfc17979fbd71f9cc31b2aa2cc8ab208a224ce8742a36454bb8	10075	241	custom/mjlfinancement/lib/mjl_table.lib.php
5f8ecad31bd9b8bbfdf205d01543a8b997e25375820204f9be1fe1c7ee438860	4598	61	custom/mjlfinancement/lib/mjl_timeline.lib.php
34b95edf437725bc24c97c73470a1f933082363c41d53cad824c476eab09a6fc	8244	112	custom/mjlfinancement/lib/mjl_timeline_presentation.lib.php
608c5d19310bc4af2259ae847419ad9e4563815ae16a8be3747989a345b451ee	1455	38	custom/mjlfinancement/lib/mjl_timeline_result.lib.php
c6e5feced9ed65effde6cae3a6dd7fed5d14347aa30493658eb9b4ef43d7324f	6724	149	custom/mjlfinancement/lib/mjl_ui.lib.php
08ffee382f6d3c554e06ecd800574a6211863ab196271778eed75c83df79851f	1279	37	custom/mjlfinancement/lib/mjl_workflow_audit.lib.php
973bf9aaea37c997d29e7921b28693bc5768aefa2d8ab22d9a1f52e399d2982c	2697	106	custom/mjlfinancement/lib/mjl_xlsx_export.lib.php
2476425982bbb1784446dacb9b710e7fef3e3cd0d648ea77abd4f7e1fab45ebf	299	9	custom/mjlfinancement/nativeforbidden.php
6150f2b16318843338bf59da631572ee9044ca064b4600d6cd9bae4d63e5679f	217	7	custom/mjlfinancement/operationrequests.php
ae40bac3c70649e1bd625720862cef40b21fbf94ae372cc8257a6f25e9f58191	201	7	custom/mjlfinancement/operations.php
c5539a792aeb77e6b8b5f4764044c59fd7affe2f659f35ed7e191083aea994c3	215	8	custom/mjlfinancement/operationtypes.php
12db3ada153d30103cbf4117584d336ceef936b98d5d4defdba37ce1cec3bb8d	208	8	custom/mjlfinancement/partners.php
4f2dd5b597d773e13d87680970c616539e81d3a5be516817d2d834367cd44732	208	8	custom/mjlfinancement/projects.php
b48d26ba6007e83b82218a73a780c645676353163279f60e536a8b73adc887b2	241	7	custom/mjlfinancement/reportexport.php
5dbb6fc5f9a03c033a5ccc8e6afdff31c20358886326f2af874532a15e5f2d14	109	4	custom/mjlfinancement/reports.php
949ee38bfa1edf630f27afb411d6b6286831175698b1f1b1424837f047c8b5c7	64794	818	custom/mjlfinancement/scripts/activity_schema_installer.lib.php
a3d6ba0b5adf4a4eb4aef24631e84406b7592a680b4018a4c630de8595da6ee8	1702	58	custom/mjlfinancement/scripts/bootstrap_poc.php
f5544ef26878e550b6f559954efa84488862aa684064b0d623721938d192df71	142	8	custom/mjlfinancement/scripts/cli_guard.php
91fad85626a0c28c2d11861c987c02b207ed0cf5c45c65b8cb30de77c0981507	887	36	custom/mjlfinancement/scripts/disable_native_workspace_modules.php
db69168768515aa2ea4d46f8e8bb61ce5901bc87ed76df2723c9834ccb0dc7e2	1705	33	custom/mjlfinancement/scripts/oracles/rst005_phase1_activity.sql
e1d78c5f03dd6cb47941b80a5d5719f99c1b863a921edeba00fa9ae38fa1740b	719	27	custom/mjlfinancement/scripts/preserved_admin.lib.php
dc4c5fdbddf9cee7b322f9e1c6ca4d3041f109de8cb27f5919fec413fcc96dbc	18878	276	custom/mjlfinancement/scripts/rst002b_activity_assignment.php
0ff35cd72cd59705c9d43a36c9c76e599594c8f9a56c1e0e0b5042859ce96a66	49613	711	custom/mjlfinancement/scripts/rst005_activity_foundation.php
d8b572b0d62b79899d2c1e1a563aefe681cc5e926ad7f2ba806a833a679990d5	2861	85	custom/mjlfinancement/scripts/rst005_oneoff_bootstrap.php
48e209704c1853ec2e3d8e70646689753ab588bd6cbe4bc315e65fc732b2363c	11295	187	custom/mjlfinancement/scripts/rst005_shared_launcher.js
857e5fc633f9cc4e2d08c566c86a84897cfd2d79cd02ebed739712ec9bd62d4f	40851	609	custom/mjlfinancement/scripts/rst005_shared_launcher.lib.js
79b48110af24a912ea7be0323d273cf8d4529ef3e64d53aa068c586b920425f2	112023	1583	custom/mjlfinancement/scripts/rst005_shared_operation.lib.js
1647ebd8739550f6644e8cbdd1f0d2e3fc3a7675f70fe9aa3abaccd10b8b2bc3	12966	191	custom/mjlfinancement/scripts/rst005_shared_packet.js
99a2a09c7384be2e297fdaaba9cc3f47bf5cd777cd106bf4178795707f519b6d	936	52	custom/mjlfinancement/scripts/rst006a-dependent-units.json
0321e74ef255256bea167c64a8c2a5dbe269ef7cb698fff8c5bfbacc18b648a5	9097	123	custom/mjlfinancement/scripts/rst006a_activity_planning.php
d396c8011969be19d6ebcdf1a3afb1507b23bca5d46c193d3ebd239554dbdf1e	64917	574	custom/mjlfinancement/scripts/rst006a_schema.lib.php
59686c8d0b169744cec05c9b295bc5b4af13d635a3cc2219f290db5151d07e32	2773	26	custom/mjlfinancement/scripts/rst006b_documents_evidence.php
673070254eb219600123d0a5f611df4cabadd0d81840f533340c3ca79bae1778	5434	63	custom/mjlfinancement/scripts/rst006b_execution.php
ec55aa21bd2f6a9437eac99f798e84c3f029e8a387a8b6f3fb87a2fd205560df	40652	305	custom/mjlfinancement/scripts/rst006b_schema.lib.php
1f3f1c9633f7fa74c587596406440e868a8bcbd011733d7b2fdb2974ee7b76c9	4836	61	custom/mjlfinancement/scripts/rst012_export_schema.php
32e216621402441019091aa17e86b8e8ea6462d8ff1eee612d1fdc567ed98161	7062	119	custom/mjlfinancement/scripts/rst012_schema.lib.php
9dc26ed9651aab72fc8a9eb53d8426731b2d8f5bb69970498261643c27102bac	9595	137	custom/mjlfinancement/scripts/rst_phase1_reset.php
af93e47265eac78387d075366b7351e96f86e3379e106805e7f7194c64c6f770	1449	27	custom/mjlfinancement/scripts/schema/rst006a_operation.sql
4fd63e09bb857afdf5c390e66992f03ff9c10f3f2f11b1de3002d7830ebe7ea8	2059	34	custom/mjlfinancement/scripts/schema/rst012_report.sql
220a4a332388abadd43bfd94277cb7ff8b8ec96d2e54560dbd5a746243f79ee2	1141	23	custom/mjlfinancement/scripts/verification/schema/activity_assignment.php
58637b76e0cc478dc90178c7305f9fb08df7651708ad3e6bda523f689ce663d1	788	18	custom/mjlfinancement/scripts/verification/schema/activity_execution_schema.php
b23d77831abc918f91492f23ec7b5761fa89771f503cd255dde06910f8734f39	1759	31	custom/mjlfinancement/scripts/verification/schema/activity_foundation.php
4c3d222bc5414804d9c0413a1bd385aa6b6fea00e263d3b3b7276daf28736dde	608	15	custom/mjlfinancement/scripts/verification/schema/activity_planning.php
fd49093d75ed8a4d7914ca3c2961dfebb6afaa16621d81377bead75f567cd414	6354	105	custom/mjlfinancement/scripts/verification/schema/reference_foundation.php
0ff3c7030385a67d46c43d0f629106e50c5a9a3ec40e13d1cf021c000b7b5188	3412	52	custom/mjlfinancement/scripts/verify_phase1_behavior.php
c5eb950ab06baa07b41cbb78d96dd0f3125819798b9c3f827c0959d0439de9f9	4053	32	custom/mjlfinancement/scripts/verify_phase1_reset.php
dd2f5c8e523290e2e3b898d18b09dc0da25fe11d9a9620c360f4e920a01ffff4	18134	172	custom/mjlfinancement/scripts/verify_phase1_schema_exact.php
59b81412aa55e8bf412a65fa0289564215813ac662302d5455dc0618122047ec	1835	14	custom/mjlfinancement/sql/llx_mjlfinancement_activity.key.sql
d08fb349c35564b5a3de318e6843fed53c43778f03a2251ba3ef9cff3a046966	2151	33	custom/mjlfinancement/sql/llx_mjlfinancement_activity.sql
85389f5cff32e4f6070ff984d0b7dc7cd272945e7f20c19e546d43baccb95536	175	1	custom/mjlfinancement/sql/llx_mjlfinancement_activity_assignment.key.sql
cdabcd3e96a293a04a4189e3ac2c8e2eb104dc457ff1f8b4da607d364957bce6	2081	29	custom/mjlfinancement/sql/llx_mjlfinancement_activity_assignment.sql
7a4a4cd52f667f5e76a0397afd4c0d5b171d206655793de5b8ef2be886a50d98	448	8	custom/mjlfinancement/sql/llx_mjlfinancement_activity_reference_sequence.sql
23104ad975f549ee0a915706e71c24306eebb764cb8312f6b5ce066ac3f44859	383	2	custom/mjlfinancement/sql/llx_mjlfinancement_activity_revision.key.sql
3217f342e6b4d5608dfba6df18f4f05538425dc17fa14b7b2b22862ba67524e2	1230	23	custom/mjlfinancement/sql/llx_mjlfinancement_activity_revision.sql
0f6fb519948dda9bc65f9b439080c4a7a7924e9869036a9946cdc688527fa9bc	1095	10	custom/mjlfinancement/sql/llx_mjlfinancement_audit_event.key.sql
411c97fa57f3bf17f9ed2c0fc3b479988d6de5277446a430da885fb0a4d97cdd	1239	28	custom/mjlfinancement/sql/llx_mjlfinancement_audit_event.sql
b840c951befcad6d84631653f0161db6d4ab5ba99c0e752ff79a0650052c189c	860	4	custom/mjlfinancement/sql/llx_mjlfinancement_cancellation_request.key.sql
875ad2af134119083d8f7b897c28168479bc7775b40fe86a617bad022353eb29	2913	36	custom/mjlfinancement/sql/llx_mjlfinancement_cancellation_request.sql
9c60c4a3de3c1ada0a3de3240c565ecf611eda1e8dc6c5140d0eadd36a90b5e2	655	6	custom/mjlfinancement/sql/llx_mjlfinancement_invitation.key.sql
d68bcac9cbb22d9273c37d492dd373118a3886f817d1095e6f60e3d6da27855c	1514	24	custom/mjlfinancement/sql/llx_mjlfinancement_invitation.sql
a8172632d96555f94edbe93ea41babdfa2c88b67cdbfb2e6071b6d55f47b6dca	454	4	custom/mjlfinancement/sql/llx_mjlfinancement_login_otp.key.sql
2ec1c749edcb8726138c18c177e2c1e68612ef33fd9aca6691074a7ec6d41e7e	1162	22	custom/mjlfinancement/sql/llx_mjlfinancement_login_otp.sql
636029ac3ce6b5ee8e65639a85d236d6caa8de18533375075f3eb2e6e9c47127	922	5	custom/mjlfinancement/sql/llx_mjlfinancement_operation.key.sql
93b401d1a778c74cbfd52dd076853674344773251840e18c5f8c2885580276cc	1888	30	custom/mjlfinancement/sql/llx_mjlfinancement_operation.sql
565897485fcda80f06b590a44fca3daae0ae1317e5f40e546526e0e9c9451d46	804	6	custom/mjlfinancement/sql/llx_mjlfinancement_operation_type.key.sql
77507c6b228b71057fbe7e94c2459c155acba75ecb1f51f5f38202a747917cc9	392	10	custom/mjlfinancement/sql/llx_mjlfinancement_operation_type.sql
e22e852cc7a9c3f8e12bc1f37685163d4c033002ae374283c27ae78138c38b7a	649	6	custom/mjlfinancement/sql/llx_mjlfinancement_password_reset.key.sql
cb80ad33ddf7fa16e9564e599b6e1b27fb59471ad4acee3f183b4182e490d7c5	1021	17	custom/mjlfinancement/sql/llx_mjlfinancement_password_reset.sql
074fe24a2e6067825e44c06179d8a5564375cf085d0b1fa3c299735cf5f45bd4	640	5	custom/mjlfinancement/sql/llx_mjlfinancement_project_note.key.sql
61eaeb5962459988a7ed7ab43a613d80b69c99c9e4755a804dfcd38d9242fd4b	464	13	custom/mjlfinancement/sql/llx_mjlfinancement_project_note.sql
9375353ee96180a81fb0c0f51a288493a55db65ffce1938d0c90681d6462d404	1054	5	custom/mjlfinancement/sql/llx_mjlfinancement_reopening_request.key.sql
9825c134f2dbe8e2b2c81b5135589247d43ab91424938fddeeaea223af5015ad	2501	34	custom/mjlfinancement/sql/llx_mjlfinancement_reopening_request.sql
dec0e5ee05bab92c6957628f1e5905fbc576bfd4436a173b61fedb78cb277286	642	3	custom/mjlfinancement/sql/llx_mjlfinancement_review_decision.key.sql
c32d006096fe64c685700ff69d567042c8f4d9249baf9a2ed4fe8942f41cbd1f	1705	25	custom/mjlfinancement/sql/llx_mjlfinancement_review_decision.sql
28c32a5a9f6bdc4e2180bacb2aac2b7c13265f79fcde619b02ac3453dbd56466	432	2	custom/mjlfinancement/sql/llx_mjlfinancement_revision_contributor.key.sql
70d71290fc99e7e6dea4d3c6b64f1bf29281e93f46f235c8ed7c471395b32aeb	592	13	custom/mjlfinancement/sql/llx_mjlfinancement_revision_contributor.sql
7b05a08dd864d3f79649feec3c27ebf4f0bdc9b1b69e66402cb1ae1e63fad9fe	1325	11	custom/mjlfinancement/sql/llx_mjlfinancement_user_role.key.sql
4bcc4cfa66a1987be2aa5972f899bc73ab03a8f8d45a9813c195547a3e615739	652	17	custom/mjlfinancement/sql/llx_mjlfinancement_user_role.sql
dbe210092b21e96d6740b03249ff2a4bec9ad0e6ca00136bb42717e0930bc65a	3365	47	custom/mjlfinancement/workflowactions.php
b72f39fdf3cde8af3e7a0bd802aefb739fd4d28e50eb963bea1aa2a84120d04e	1765	32	tests/contracts/container/dashboard_resilience_test.php
e3210664ee247079280d6090fe4614ce0239b31019b8e10b6a37e056f447b603	2217	29	tests/contracts/navigation_registry_test.php
09817993b62d279c9b1a652288d2410f9996bafe69ac27749e67cbfd29f0001d	2543	48	tests/contracts/page_header_test.php
184d8780a25fa4cde360b4ffdbcdb1bc692bf74005754b14f79290bcfd2b66d2	5577	79	tests/contracts/project_form_security_test.php
8c9af940ebfef66ad81da2aeea53e89fdc99f79780a66f49ce5cab3d98881cbd	3022	61	tests/contracts/table_presentation_test.php
87a0fab357ca89b1a3fd0eb359e4f0e5d34ff202ca56683020d587d7970e005e	17512	157	tests/e2e/activities-report.spec.js
dc5589703729a2b8a1acf05fbeb07cc6061e6ce6b590ac9d11282c27c354194d	21689	292	tests/e2e/activity-assignment.spec.js
9eb1dc414bb92d3f9a512e96c89a681bf28db1dc1bd5b905c91cdaf0855039bb	11778	78	tests/e2e/activity-detail.spec.js
785973e005f8cf28ddb3f49124bcd935581c86649e696c569be9febffbba389d	64532	488	tests/e2e/activity-execution.spec.js
d0978750d4e443e19e67683b1abebeb7fd52f3bf438055dda86fa18cd110b704	42955	560	tests/e2e/activity-planning.spec.js
68ed7d000ba3d991c3e846c44cc695af898ea989f6685b07abfda2ebf37a8789	12887	68	tests/e2e/audit-report.spec.js
8bc12c91a209c7e6f72165066ab32d3f8a1b0480d7c476f1d4b87eb7980d9824	20123	288	tests/e2e/auth-concurrency.spec.js
b7617f89beda4c22d1b970dd9ec2627a366122e5302211cce6ec0f9f32c53b77	20688	344	tests/e2e/authentication.spec.js
61f3b162d4193be463b2c93917d7f0f9bbccd7a12ec560407992a466afd8b339	5591	110	tests/e2e/document-containment.spec.js
84840b5cba28d30e91fc6d979154594198c2edb0efdfe40ce63828800733f5d1	13220	109	tests/e2e/export-recovery.spec.js
f251654f2bb74a7fa302caaf2bca18292de973e2bff49a7e19577bf5ae4440c0	16961	279	tests/e2e/fixture-isolation.spec.js
216d3ebfea300571f549623da828bf4dccde94345d424f32ffc4765d65b8fe42	24405	167	tests/e2e/monitoring.spec.js
46b924b3095d8c7acec70d083dba2fba721f555ef25fe6f5133f7239a256d564	16856	117	tests/e2e/operations-report.spec.js
6671337c4602ea69c7543b371cc367e63669aba15defd6127391ffb500bdc435	21706	316	tests/e2e/partner-project.spec.js
1fb5acc53d81cd90c0c9e87c7349d9d838fe51d1d888bf0c32cb58b354c1eade	12042	129	tests/e2e/planning-navigation.spec.js
671b0aa66e4b63d63bbca040e85b55a4859d453930dffa9459ac5b5ab5ef7155	11596	68	tests/e2e/portfolio-report.spec.js
a3659265e3b81a25f6de6fee56633058d5da8fe48e1a18feb925a414115fee2f	9568	120	tests/e2e/reconciliation-restore.spec.js
8c0a344af55aeed8a66d10e66b193a47dabae98d0ead56860ec7ba4cb7043791	27678	532	tests/e2e/reset-boundaries.spec.js
a611f9d952d6b09514427e31f6f0ae927df93548c7816679632f948cb59e5f95	10017	59	tests/e2e/timeline.spec.js
b7450e59e50f7f8796e0580033a3098278a629d8bbac85a0936b0f2143b069be	8973	155	tests/e2e/vui-access-management.spec.js
5e5ae9cdb0e3ca7d54b4c993dee7ae37b7c743165a343b56358911e651057897	7116	102	tests/e2e/vui-activities-list.spec.js
f2daf50aaf184bc13548db4a2eff769e170b21394f96022192b99e003b869d59	7023	112	tests/e2e/vui-activity-planning.spec.js
e2147371d6f1bc4266565cb0e8671b9f99587890b3467efb005c689dfefaba65	6044	104	tests/e2e/vui-activity-workspace.spec.js
7e73ab7638f572feb448f0a8e49d2a5ea5bfddabdd1ba0e75bc1465e2794ca70	6475	131	tests/e2e/vui-cross-screen-consistency.spec.js
10de051436b0e1f45af30596c885ce844bc760e0d82fd0868490c6cb0a6aff14	21169	311	tests/e2e/vui-exception-dialogs.spec.js
79d6bb78ddda57f1966795ea78606c4d110c3998d5c7d0f4542a9a3009821741	9373	123	tests/e2e/vui-foundations.browser.js
12e2f6ad8b71cf4cb58685b210bccfdbef4bfddd4e320c82bbce1a06a91f17ac	6500	109	tests/e2e/vui-history-exports.spec.js
30db724117e8181a05f3dd268dee2789f998e70391c15adbaa620bc3ef976161	9122	151	tests/e2e/vui-operation-consultation.spec.js
e5689c2d23b450bf7c0b98889db1ceea3ad198982291ad2dfcfef55ff823a10d	8147	153	tests/e2e/vui-reference-management.spec.js
85ad47bfae7ecca182a9190fe3f67198f93d3a42f36ff400d33506029c612e5d	12900	203	tests/e2e/vui-review-workflow.spec.js
26845cd3dc6e665a57fc02d9f2f22cca60b34da8fc901073fb325a19549d509e	9150	156	tests/e2e/vui-role-dashboards.spec.js
725ad3fb2b0c7eaad8f7d718b40bdcdc8a68d99d3289a06bd4f6b2cb7b71b252	2566	19	tests/fixtures/activity-command-fixture.php
d65c84c30086880ea2f3ac155730a9d204f2d75b7f011dd6fab249cdeb40ea99	4996	53	tests/fixtures/activity-command-worker.php
31864eda91d62998a19ed2ff3fcc32d8667a6dc3d4e0ef64b1875468e965f862	2784	29	tests/fixtures/activity-fixture.php
18afe8a137e7da536f8243ef6afc29060ca817985099e4a5f002801d6168f793	3331	60	tests/fixtures/auth-parallel-worker.php
52b5605eacb3543ca3ef04f5fa80f0ab608ebc12f8d3ec11ebca4b1574851fb0	19931	316	tests/fixtures/database-evidence.php
b1cbf51fb24eeb8733d79ced100072590a09c13e79ab1b4f0b6f72266c235fa1	1459	51	tests/fixtures/disposable-compose.override.yml
a0ccfdfbdbca3f639c8a37b7a1cf1274121597c747cfe23a3f944f2f4cd9eb89	1132	37	tests/fixtures/disposable-fixture-preflight.php
965cf6e074cc433c9b63f35d973e3d3a8d99ea1af1cae3f892d65227333f8aa4	8412	203	tests/fixtures/document-state-fixture.php
6c72a84d0f0b174b0ae9d562aee9fea4befa75d99ac3af68cb582e7fe5e8c961	2130	11	tests/fixtures/execution-fixture.php
2f23f917d9c2eace5e57352a8f3a24e0c3dfb6dd84b0177003b857b6fcbb62c2	2409	32	tests/fixtures/export-integrity-probe.php
9f9f95b1773a681d90872b509895bb0e0762b724d5545033a018172964403c2b	7492	149	tests/fixtures/export-recovery-fixture.php
90d8cec1dfe58d6b42f186a8841f8802c9cfc470a42c73671aa9dc2856aec375	1826	37	tests/fixtures/reconciliation-fixture.php
9a778cec0b05b820a1a2d873d63a38a87b037bc5704645b50daef68266468c42	5140	67	tests/fixtures/report-fixture.php
c9fe6949c8f21af85755b119e55095b82336148061a7dd6796b4ce39e20da7bd	9644	182	tests/fixtures/user-reference-fixture.php
1dbdca81e388f5113c9d9dbf1bfc24139cd34a99cb0f41bc374c49c27d6d402d	2526	35	tests/helpers/activity-fixture.js
8576bae86f54db1d0bc53743adb61ebd385c170713ca19c9617f163aaf587544	2151	32	tests/helpers/execution-fixture.js
4acde62f32749f618ffa373b71bdc90adae2e29225eab70883ab44bc6a2f1287	2743	65	tests/helpers/mjl-test-runtime.js
65ebbbccfe4854d05a29bc11f4970957490244ef898504efb7bc7f9a724a06dc	173	5	tests/helpers/playwright-global-setup.js
3edf96a0a56eb6d8228a2a99c0cbf7020b7c2078ecfdf473b6eabfddb70e8b0b	973	29	tests/helpers/responsive-shell.js
1a4f7d26498512f3ed57699e57e5d465fc47ca2ed1f0bb7f18b63dce2300073b	7807	164	tests/helpers/user-reference-fixture.js
a1adbbcaa5471d48e5cef21c463a67723f86fbfe67ef91b774ae0048b2981efa	1772	40	tests/helpers/verify-disposable-environment.js
6c54e4168d83dc45b7f10e82554cfbbdd5b4dfa9d86fbca89f1446d8f6a76a74	17996	281	tests/manual/accessibility-gate.spec.js
9d3dc3a9158be78fdcd57ff56f36ef6d77650aa2e0304ed2b8b41597b24e585d	437	16	tests/manual/playwright.config.js
81b96fade5fd6c4df9ffdab3e1fa3fbb58e578501336885d460c1ee65c3d5463	4732	124	tests/runner/disposable-evidence.js
20fbb23c1d0a0a67413fd4a625e609d745a0b67e718c2e5a1b94f87636fee051	9139	174	tests/runner/disposable-policy.js
150de5de062c6b089ff2da1434ba99db0c324825e449330930c0744c9ab0a780	4205	116	tests/runner/disposable-run.js
2bc3a5958c10273f8b950f275cc434bae1b6db7b5d2f1194d8e1f94bc802d7d5	81040	1120	tests/runner/run-suite.js
2516f445cf5c0e312af46c3821ad0f877facddb1c3066929e0b86f1595ee09a0	1198	26	tests/unit/access-audit-fail-closed.test.js
bfb4bd987d7cfe6a4a147c68b431d210b3923b13d37fd818afa7f99efdca5140	3395	10	tests/unit/audit-projection.test.js
87fd66f789cc930222f33023e36fbf88ca11e38c715f244c02a0ee1c48d4758c	5157	41	tests/unit/dashboard-projection.test.js
7f5836530f2bd1315403a577703b987236c551cff3d6b041048deac646823a07	9013	162	tests/unit/design-system-v3.test.js
3339369adb16cc4d8058ec70b40a8e56ea7b9ba7695faaed85ffae11673bfa6c	2089	46	tests/unit/disposable-evidence.test.js
c94991433596e1a5590c2c9fc1a5d62a5f378506635a12503252239faff6e407	8478	160	tests/unit/disposable-fixture-request.test.js
5a98773fbe6e2f0c8c0605a79afbfa7f1eb9326dc97fea7202708a0b17f4d0fe	7467	178	tests/unit/disposable-policy.test.js
85139a6359523a9798d963a94984a75f6652eb2f0288767728fdbc0ddacf887d	14383	325	tests/unit/disposable-run.test.js
a8735cb552dd8ce0f20a9ee410d2898704c63e8b4355cbe68cc8b47dac90df3b	1684	35	tests/unit/document-containment-boundaries.test.js
ca86e7f42c9f45db09bd2bdf028218ff072220d8dc472e62c67558c37f81acb9	4356	65	tests/unit/execution-projection.test.js
ea377468ae8469b315c7785860c2de96c67c54ec2ff0584bd8211ab712e7f05e	2311	24	tests/unit/export-spool.test.js
6102af15d3f5b26d87d2f4f302cd8e1b595094e5d799b0b140a7281619074a6e	1630	36	tests/unit/mjl-financial-preview.test.js
96ed518b037be55005b2226ec5508d5494c75525ae3e7c3f46a734f75eb2210d	14176	98	tests/unit/monitoring-reports.test.js
fad954433317603d2e6e383e4171ec57db4e10616cba52469097ef70286df99a	2549	35	tests/unit/navigation-shell.test.js
d7448209b3849d9bdf1ced8ceab652a71854f3532638807a78e17df39cfa4d1e	1974	54	tests/unit/operational-script-boundary.test.js
c8282b1aee53ba92c93f2b4b1394cbbc039139ce5eb5ba07ad00d4f1c611258f	4874	49	tests/unit/report-format.test.js
a31dcbc300ba638cd8e9bca8735dde4a76dd99ba8ca1d38fc162e720d9f1da89	5707	69	tests/unit/timeline-presentation.test.js
